"","Player","Age","Tm","First","Pts Won","Pts Max","Share","G","MP","PTS","TRB","AST","STL","BLK","FG%","3P%","FT%","WS","WS/48","MVP","Year","Set"
"2","Paul Arizin","27","PHW","21.0","21.0","81","0.259","72","37.8","24.2","7.5","2.6","","",".448","",".810","12.2",".214",0,1956,151
"3","Bob Cousy","27","BOS","10.0","10.0","81","0.123","72","38.4","18.8","6.8","8.9","","",".360","",".844","6.8",".119",0,1956,87
"4","Mel Hutchins","27","FTW","9.0","9.0","81","0.111","66","33.9","12.0","7.5","2.7","","",".425","",".643","4.4",".095",0,1956,120
"8","Maurice Stokes","22","ROC","1.0","1.0","81","0.012","67","34.7","16.8","16.3","4.9","","",".354","",".714","6.0",".125",0,1956,385
"10","Bob Pettit","24","STL","20.0","20.0","85","0.235","71","35.1","24.7","14.6","1.9","","",".415","",".773","11.6",".224",0,1957,125
"12","George Yardley","28","FTW","7.0","7.0","85","0.082","72","37.4","21.5","10.5","2.0","","",".410","",".787","10.0",".179",0,1957,241
"17","Harry Gallatin","29","NYK","1.0","1.0","85","0.012","72","27.0","15.0","10.1","1.2","","",".406","",".800","8.1",".199",0,1957,99
"18","Mel Hutchins","28","FTW","1.0","1.0","85","0.012","72","36.8","12.4","7.9","2.9","","",".387","",".738","2.8",".050",0,1957,246
"22","Dolph Schayes","29","SYR","25.0","198.0","400","0.495","72","40.5","24.9","14.2","3.1","","",".398","",".904","13.7",".226",0,1958,34
"23","George Yardley","29","DET","12.0","120.0","400","0.300","72","39.5","27.8","10.7","1.3","","",".414","",".811","12.3",".208",0,1958,358
"25","Maurice Stokes","24","CIN","2.0","28.0","400","0.070","63","39.0","16.9","18.1","6.4","","",".351","",".715","4.5",".088",0,1958,130
"26","Bob Cousy","29","BOS","2.0","11.0","400","0.028","65","34.2","18.0","5.0","7.1","","",".353","",".850","5.4",".116",0,1958,383
"27","Bill Sharman","31","BOS","2.0","11.0","400","0.028","63","35.1","22.3","4.7","2.7","","",".424","",".893","8.7",".189",0,1958,100
"29","Walter Dukes","27","DET","0.0","4.0","400","0.010","72","30.3","11.2","13.3","0.7","","",".349","",".675","2.4",".052",0,1958,283
"31","Cliff Hagan","26","STL","0.0","2.0","400","0.005","70","31.3","19.9","10.1","2.5","","",".443","",".768","10.0",".220",0,1958,121
"32","Neil Johnston","28","PHW","0.0","1.0","400","0.002","71","33.9","19.5","11.1","2.3","","",".429","",".819","11.3",".224",0,1958,102
"34","Kenny Sears","24","NYK","0.0","1.0","400","0.002","72","37.3","18.6","10.9","1.8","","",".439","",".822","10.0",".179",0,1958,279
"36","Bill Russell","24","BOS","10.0","144.0","410","0.351","70","42.6","16.7","23.0","3.2","","",".457","",".598","12.9",".208",0,1959,420
"39","Paul Arizin","30","PHW","1.0","39.0","410","0.095","70","40.0","26.4","9.1","1.7","","",".431","",".813","13.0",".223",0,1959,212
"40","Dolph Schayes","30","SYR","1.0","26.0","410","0.063","72","36.7","21.3","13.4","2.5","","",".387","",".864","9.4",".171",0,1959,171
"41","Larry Costello","27","SYR","3.0","15.0","410","0.037","70","39.3","15.8","5.2","5.4","","",".437","",".802","8.5",".149",0,1959,7
"42","Kenny Sears","25","NYK","1.0","12.0","410","0.029","71","35.2","21.0","9.3","1.9","","",".490","",".861","13.3",".256",0,1959,139
"47","Dick McGuire","33","DET","0.0","3.0","410","0.007","71","29.1","9.2","4.0","6.2","","",".427","",".740","6.9",".160",0,1959,315
"48","Gene Shue","27","DET","0.0","1.0","410","0.002","72","38.1","17.6","4.7","3.2","","",".388","",".803","5.6",".098",0,1959,16
"51","Bob Pettit","27","STL","3.0","106.0","375","0.283","72","40.2","26.1","17.0","3.6","","",".438","",".753","11.5",".191",0,1960,196
"55","Gene Shue","28","DET","0.0","7.0","375","0.019","75","44.5","22.8","5.5","3.9","","",".413","",".872","8.5",".122",0,1960,235
"69","Dolph Schayes","32","SYR","1.0","12.0","375","0.032","79","38.1","23.6","12.2","3.7","","",".372","",".868","8.5",".136",0,1961,148
"71","Gene Shue","29","DET","0.0","8.0","375","0.021","78","43.1","22.6","4.3","6.8","","",".421","",".856","7.6",".108",0,1961,295
"72","Jack Twyman","26","CIN","0.0","6.0","375","0.016","79","37.0","25.3","8.5","2.8","","",".488","",".731","9.6",".157",0,1961,266
"74","Clyde Lovellette","31","STL","0.0","4.0","375","0.011","67","31.5","22.0","10.1","2.6","","",".453","",".830","8.5",".193",0,1961,260
"76","Richie Guerin","28","NYK","0.0","2.0","375","0.005","79","38.3","21.8","7.9","6.4","","",".396","",".792","5.4",".086",0,1961,190
"77","Paul Arizin","32","PHW","0.0","1.0","375","0.003","79","37.2","23.2","8.6","2.4","","",".425","",".833","9.7",".159",0,1961,366
"78","Willie Naulls","26","NYK","0.0","1.0","375","0.003","79","37.7","23.4","13.4","2.4","","",".428","",".816","5.7",".092",0,1961,193
"79","Kenny Sears","27","NYK","0.0","1.0","375","0.003","52","26.8","14.4","5.6","2.0","","",".424","",".825","4.0",".138",0,1961,272
"81","Wilt Chamberlain","25","PHW","9.0","152.0","425","0.358","80","48.5","50.4","25.7","2.4","","",".506","",".613","23.1",".286",0,1962,301
"82","Oscar Robertson","23","CIN","13.0","135.0","425","0.318","79","44.3","30.8","12.5","11.4","","",".478","",".803","15.6",".214",0,1962,85
"84","Jerry West","23","LAL","6.0","60.0","425","0.141","75","41.2","30.8","7.9","5.4","","",".445","",".769","12.9",".201",0,1962,117
"88","Bill Russell","28","BOS","56.0","341.0","475","0.718","78","44.9","16.8","23.6","4.5","","",".432","",".555","13.5",".185",1,1963,427
"91","Bob Pettit","30","STL","3.0","84.0","475","0.177","79","39.1","28.4","15.1","3.1","","",".446","",".774","14.3",".222",0,1963,164
"92","Jerry West","24","LAL","2.0","19.0","475","0.040","55","39.3","27.1","7.0","5.6","","",".461","",".778","8.1",".180",0,1963,353
"95","Terry Dischinger","22","CHZ","1.0","5.0","475","0.011","57","40.2","25.5","8.0","3.1","","",".512","",".770","9.2",".192",0,1963,205
"96","Bob Cousy","34","BOS","0.0","5.0","475","0.011","76","26.0","13.2","2.5","6.8","","",".397","",".735","5.2",".126",0,1963,340
"97","John Havlicek","22","BOS","0.0","3.0","475","0.006","80","27.5","14.3","6.7","2.2","","",".445","",".728","6.4",".139",0,1963,17
"99","Walt Bellamy","23","CHZ","0.0","1.0","475","0.002","80","41.3","27.9","16.4","2.9","","",".527","",".674","13.7",".199",0,1963,304
"100","Oscar Robertson","25","CIN","60.0","362.0","480","0.754","79","45.1","31.4","9.9","11.0","","",".483","",".853","20.6",".278",1,1964,291
"101","Wilt Chamberlain","27","SFW","19.0","215.0","480","0.448","80","46.1","36.9","22.3","5.0","","",".524","",".531","25.0",".325",0,1964,265
"102","Bill Russell","29","BOS","11.0","167.0","480","0.348","78","44.6","15.0","24.7","4.7","","",".433","",".550","17.3",".238",0,1964,278
"107","Gus Johnson","25","BAL","0.0","3.0","480","0.006","78","36.5","17.3","13.6","2.2","","",".430","",".658","3.5",".060",0,1964,322
"108","Wayne Embry","26","CIN","0.0","1.0","480","0.002","80","36.4","17.3","11.6","1.4","","",".458","",".650","6.3",".104",0,1964,181
"109","Sam Jones","30","BOS","0.0","1.0","480","0.002","76","31.3","19.4","4.6","2.7","","",".450","",".783","8.9",".180",0,1964,326
"112","Oscar Robertson","26","CIN","21.0","21.0","99","0.212","75","45.6","30.4","9.0","11.5","","",".480","",".839","17.0",".238",0,1965,398
"117","Jerry West","27","LAL","16.0","101.0","445","0.227","79","40.7","31.3","7.1","6.1","","",".473","",".860","17.1",".256",0,1966,446
"119","Bill Russell","31","BOS","7.0","69.0","445","0.155","78","43.4","12.9","22.8","4.8","","",".415","",".551","11.7",".165",0,1966,40
"121","Jerry Lucas","25","CIN","2.0","11.0","445","0.025","79","44.5","21.5","21.1","2.7","","",".453","",".787","8.1",".110",0,1966,274
"123","Nate Thurmond","25","SFW","15.0","170.0","525","0.324","65","42.5","18.7","21.3","2.6","","",".437","",".629","7.2",".125",0,1967,232
"124","Bill Russell","32","BOS","5.0","96.0","525","0.183","81","40.7","13.3","21.0","5.8","","",".454","",".610","12.2",".178",0,1967,285
"126","Rick Barry","22","SFW","2.0","52.0","525","0.099","78","40.7","35.6","9.2","3.6","","",".451","",".884","14.4",".218",0,1967,64
"131","Oscar Robertson","29","CIN","3.0","93.0","675","0.138","65","42.5","29.2","6.0","9.7","","",".500","",".873","12.3",".214",0,1968,158
"132","Wes Unseld","22","BAL","53.0","310.0","515","0.602","82","36.2","13.8","18.2","2.6","","",".476","",".605","10.8",".175",1,1969,437
"134","Billy Cunningham","25","PHI","15.0","130.0","515","0.252","82","40.8","24.8","12.8","3.5","","",".426","",".737","9.0",".129",0,1969,445
"135","Bill Russell","34","BOS","11.0","93.0","515","0.181","77","42.7","9.9","19.3","4.9","","",".433","",".526","10.9",".159",0,1969,238
"137","Willis Reed","27","NYK","61.0","498.0","750","0.664","81","38.1","21.7","13.9","2.0","","",".507","",".756","14.6",".227",1,1970,319
"138","Jerry West","31","LAL","51.0","457.0","750","0.609","74","42.0","31.2","4.6","7.5","","",".497","",".824","15.2",".234",0,1970,425
"139","Kareem Abdul-Jabbar","22","MIL","30.0","335.0","750","0.447","82","43.1","28.8","14.5","4.1","","",".518","",".653","13.8",".187",0,1970,89
"141","Billy Cunningham","26","PHI","2.0","27.0","750","0.036","81","39.4","26.1","13.6","4.3","","",".469","",".729","10.3",".155",0,1970,210
"142","Connie Hawkins","27","PHO","2.0","27.0","750","0.036","81","40.9","24.6","10.4","4.8","","",".490","",".779","10.2",".147",0,1970,134
"145","Dave Bing","27","DET","6.0","119.0","765","0.156","82","37.4","27.0","4.4","5.0","","",".467","",".797","11.7",".183",0,1971,8
"149","Jerry West","33","LAL","44.0","393.0","820","0.479","77","38.6","25.8","4.2","9.7","","",".477","",".814","13.3",".216",0,1972,428
"151","John Havlicek","31","BOS","1.0","65.0","820","0.079","82","45.1","27.5","8.2","7.5","","",".458","",".834","12.4",".162",0,1972,352
"152","Spencer Haywood","22","SEA","2.0","49.0","820","0.060","73","43.4","26.2","12.7","2.0","","",".461","",".819","8.7",".131",0,1972,157
"153","Dave Cowens","24","BOS","67.0","444.0","875","0.507","82","41.8","20.5","16.2","4.1","","",".452","",".779","12.0",".168",1,1973,58
"154","Kareem Abdul-Jabbar","25","MIL","33.0","339.0","875","0.387","76","42.8","30.2","16.1","5.0","","",".554","",".713","21.9",".322",0,1973,144
"155","Tiny Archibald","24","KCO","44.0","319.0","875","0.365","80","46.0","34.0","2.8","11.4","","",".488","",".847","14.2",".186",0,1973,268
"157","John Havlicek","32","BOS","5.0","88.0","875","0.101","80","42.1","23.8","7.1","6.6","","",".450","",".858","12.1",".172",0,1973,328
"158","Jerry West","34","LAL","1.0","70.0","875","0.080","69","35.7","22.8","4.2","8.8","","",".479","",".805","10.6",".206",0,1973,42
"159","Walt Frazier","27","NYK","4.0","40.0","875","0.046","78","40.8","21.1","7.3","5.9","","",".490","",".817","13.0",".196",0,1973,381
"160","Spencer Haywood","23","SEA","4.0","40.0","875","0.046","77","42.3","29.2","12.9","2.5","","",".476","",".839","10.2",".150",0,1973,432
"161","Nate Thurmond","31","GSW","2.0","33.0","875","0.038","79","43.3","17.1","17.1","3.5","","",".446","",".718","9.9",".140",0,1973,408
"162","Elvin Hayes","27","BAL","1.0","18.0","875","0.021","81","41.3","21.2","14.5","1.6","","",".444","",".671","7.6",".109",0,1973,160
"164","Bob Love","30","CHI","0.0","9.0","875","0.010","82","37.0","23.1","6.5","1.5","","",".431","",".824","6.3",".100",0,1973,443
"166","Bob Lanier","24","DET","1.0","5.0","875","0.006","81","38.9","23.8","14.9","3.2","","",".490","",".773","10.6",".161",0,1973,127
"168","Sidney Wicks","23","POR","0.0","3.0","875","0.003","80","39.4","23.8","10.9","5.5","","",".452","",".723","5.6",".085",0,1973,405
"170","Lucius Allen","25","MIL","0.0","1.0","875","0.001","80","33.7","15.5","3.5","5.3","","",".484","",".715","7.6",".135",0,1973,32
"171","Rick Barry","28","GSW","0.0","1.0","875","0.001","82","37.5","22.3","8.9","4.9","","",".452","",".902","10.2",".159",0,1973,372
"173","Lou Hudson","28","ATL","0.0","1.0","875","0.001","75","40.4","27.1","6.2","3.4","","",".477","",".825","9.3",".148",0,1973,223
"177","Dave Cowens","25","BOS","3.0","91.0","905","0.101","80","41.9","19.0","15.7","4.4","1.2","1.3",".437","",".832","9.3",".134",0,1974,119
"178","Elvin Hayes","28","CAP","4.0","74.0","905","0.082","81","44.5","21.4","18.1","2.0","1.1","3.0",".423","",".721","10.6",".142",0,1974,71
"179","Walt Frazier","28","NYK","2.0","24.0","905","0.027","80","41.7","20.5","6.7","6.9","2.0","0.2",".472","",".838","10.9",".157",0,1974,70
"181","Nate Thurmond","32","GSW","1.0","8.0","905","0.009","62","39.7","13.0","14.2","2.7","0.7","2.9",".444","",".666","6.0",".117",0,1974,343
"185","Phil Chenier","23","CAP","0.0","3.0","905","0.003","76","38.7","21.9","5.1","3.1","2.0","0.9",".434","",".820","7.4",".121",0,1974,115
"190","Spencer Haywood","24","SEA","0.0","1.0","905","0.001","75","40.5","23.5","13.4","3.2","0.9","1.4",".457","",".814","9.7",".153",0,1974,380
"191","Clyde Lee","29","GSW","0.0","1.0","905","0.001","54","30.4","5.9","11.1","1.3","0.5","0.3",".454","",".579","2.6",".076",0,1974,104
"193","Rudy Tomjanovich","25","HOU","0.0","1.0","905","0.001","80","40.3","24.5","9.0","3.1","1.1","0.8",".536","",".848","12.8",".191",0,1974,382
"196","Elvin Hayes","29","WSB","37.0","289.0","965","0.299","82","42.3","23.0","12.2","2.5","1.9","2.3",".443","",".766","12.5",".173",0,1975,152
"199","Tiny Archibald","26","KCO","2.0","30.0","965","0.031","82","39.6","26.5","2.7","6.8","1.5","0.1",".456","",".872","11.2",".165",0,1975,402
"202","Wes Unseld","28","WSB","2.0","18.0","965","0.019","73","39.8","9.2","14.8","4.1","1.6","0.9",".502","",".685","10.6",".175",0,1975,299
"203","Sam Lacey","26","KCO","2.0","13.0","965","0.013","81","41.7","11.5","14.2","5.3","1.7","2.1",".427","",".754","7.4",".105",0,1975,311
"205","Sidney Wicks","25","POR","1.0","8.0","965","0.008","82","38.6","21.7","10.7","3.5","1.3","1.0",".497","",".706","9.7",".147",0,1975,22
"206","Spencer Haywood","25","SEA","0.0","7.0","965","0.007","68","37.2","22.4","9.3","2.0","0.8","1.6",".459","",".811","7.3",".138",0,1975,410
"207","Bob Lanier","26","DET","0.0","7.0","965","0.007","76","39.3","24.0","12.0","4.6","1.0","2.3",".510","",".802","12.4",".199",0,1975,111
"209","Mike Bantom","23","PHO","1.0","5.0","965","0.005","82","27.3","12.5","6.7","1.9","0.8","0.6",".461","",".714","4.5",".097",0,1975,363
"211","Chet Walker","34","CHI","0.0","5.0","965","0.005","76","32.3","19.2","5.7","2.2","0.6","0.1",".487","",".860","10.5",".205",0,1975,444
"212","Bob Love","32","CHI","0.0","4.0","965","0.004","61","39.4","22.0","6.3","1.7","1.0","0.2",".429","",".830","5.2",".103",0,1975,86
"213","Jim Chones","25","CLE","0.0","3.0","965","0.003","72","33.7","14.5","9.4","1.8","0.7","1.7",".487","",".679","6.2",".123",0,1975,320
"215","Rudy Tomjanovich","26","HOU","0.0","1.0","965","0.001","81","38.7","20.7","7.6","2.9","0.9","0.3",".525","",".790","10.1",".155",0,1975,267
"218","Dave Cowens","27","BOS","48.0","378.0","925","0.409","78","39.8","19.0","16.0","4.2","1.2","0.9",".468","",".756","10.7",".165",0,1976,255
"219","Rick Barry","31","GSW","20.0","201.0","925","0.217","81","38.5","21.0","6.1","6.1","2.5","0.3",".435","",".923","9.6",".148",0,1976,276
"220","George McGinnis","25","PHI","4.0","80.0","925","0.086","77","38.3","23.0","12.6","4.7","2.6","0.5",".417","",".740","8.5",".139",0,1976,39
"221","Dave Bing","32","WSB","2.0","35.0","925","0.038","82","35.9","16.2","2.9","6.0","1.4","0.3",".447","",".787","6.3",".102",0,1976,172
"225","Tiny Archibald","27","KCK","1.0","13.0","925","0.014","78","40.8","24.8","2.7","7.9","1.6","0.2",".453","",".802","8.0",".121",0,1976,332
"227","Earl Monroe","31","NYK","2.0","11.0","925","0.012","76","38.0","20.7","3.6","4.0","1.5","0.3",".478","",".787","7.2",".119",0,1976,423
"230","Pete Maravich","28","NOJ","0.0","7.0","925","0.008","62","38.3","25.9","4.8","5.4","1.4","0.4",".459","",".811","7.1",".144",0,1976,113
"232","Walt Frazier","30","NYK","1.0","5.0","925","0.005","59","41.1","19.1","6.8","5.9","1.8","0.2",".485","",".823","6.8",".134",0,1976,297
"237","Steve Mix","28","PHI","0.0","3.0","925","0.003","81","37.5","13.9","8.2","2.7","2.0","0.4",".499","",".818","9.4",".148",0,1976,365
"242","Randy Smith","27","BUF","0.0","1.0","925","0.001","82","38.6","21.8","5.1","5.9","1.9","0.0",".494","",".817","9.4",".143",0,1976,105
"243","Norm Van Lier","28","CHI","0.0","1.0","925","0.001","76","39.8","12.6","5.4","6.6","2.0","0.3",".366","",".737","3.2",".051",0,1976,413
"244","Bill Walton","23","POR","0.0","1.0","925","0.001","51","33.1","16.1","13.4","4.3","1.0","1.6",".471","",".583","3.8",".109",0,1976,250
"245","Paul Westphal","25","PHO","0.0","1.0","925","0.001","82","36.1","20.5","3.2","5.4","2.6","0.5",".494","",".830","9.6",".155",0,1976,236
"246","Kareem Abdul-Jabbar","29","LAL","159.0","159.0","247","0.644","82","36.8","26.2","13.3","3.9","1.2","3.2",".579","",".701","17.8",".283",1,1977,306
"253","David Thompson","22","DEN","5.0","5.0","247","0.020","82","36.6","25.9","4.1","4.1","1.4","0.6",".507","",".766","10.7",".172",0,1977,180
"254","Maurice Lucas","24","POR","4.0","4.0","247","0.016","79","36.2","20.2","11.4","2.9","1.1","0.7",".466","",".765","8.7",".147",0,1977,170
"255","Artis Gilmore","27","CHI","2.0","2.0","247","0.008","82","35.1","18.6","13.0","2.4","0.5","2.5",".522","",".660","12.2",".203",0,1977,56
"259","Jo Jo White","30","BOS","1.0","1.0","247","0.004","82","40.6","19.6","4.7","6.0","1.4","0.3",".429","",".869","6.5",".094",0,1977,5
"260","Bill Walton","25","POR","96.0","96.0","238","0.403","58","33.3","18.9","13.2","5.0","1.0","2.5",".522","",".720","8.4",".209",1,1978,10
"261","George Gervin","25","SAS","80.5","80.5","238","0.338","82","34.8","27.2","5.1","3.7","1.7","1.3",".536","",".830","12.0",".201",0,1978,312
"263","Kareem Abdul-Jabbar","30","LAL","14.0","14.0","238","0.059","62","36.5","25.8","12.9","4.3","1.7","3.0",".550","",".783","12.1",".257",0,1978,378
"264","Walter Davis","23","PHO","4.0","4.0","238","0.017","81","32.0","24.2","6.0","3.4","1.4","0.2",".526","",".830","10.1",".187",0,1978,407
"265","Maurice Lucas","25","POR","3.0","3.0","238","0.013","68","31.2","16.4","9.1","2.5","0.9","0.8",".458","",".767","5.8",".131",0,1978,209
"267","Artis Gilmore","28","CHI","2.0","2.0","238","0.008","82","37.4","22.9","13.1","3.2","0.5","2.2",".559","",".704","11.5",".180",0,1978,347
"271","Bob Lanier","29","DET","1.0","1.0","238","0.004","63","36.7","24.5","11.3","3.4","1.3","1.5",".537","",".772","10.1",".209",0,1978,397
"272","Bob McAdoo","26","NYK","1.0","1.0","238","0.004","79","40.3","26.5","12.8","3.8","1.3","1.6",".520","",".727","10.9",".165",0,1978,318
"274","Moses Malone","23","HOU","112.0","112.0","223","0.502","82","41.3","24.8","17.6","1.8","1.0","1.5",".540","",".739","14.1",".200",1,1979,298
"275","George Gervin","26","SAS","35.0","35.0","223","0.157","80","36.1","29.6","5.0","2.7","1.7","1.1",".541","",".826","11.4",".189",0,1979,384
"276","Elvin Hayes","33","WSB","28.0","28.0","223","0.126","82","37.9","21.8","12.1","1.7","0.9","2.3",".487","",".654","9.4",".146",0,1979,98
"277","Kareem Abdul-Jabbar","31","LAL","15.0","15.0","223","0.067","80","39.5","23.8","12.8","5.4","1.0","4.0",".577","",".736","14.4",".219",0,1979,189
"279","World B. Free","25","SDC","5.0","5.0","223","0.022","78","37.9","28.8","3.9","4.4","1.4","0.4",".481","",".756","10.1",".164",0,1979,30
"281","Phil Ford","22","KCK","3.0","3.0","223","0.013","79","34.5","15.9","2.3","8.6","2.2","0.1",".465","",".813","5.7",".101",0,1979,313
"282","David Thompson","24","DEN","3.0","3.0","223","0.013","76","35.1","24.0","3.6","3.0","0.9","1.1",".512","",".753","9.5",".171",0,1979,225
"283","Walter Davis","24","PHO","2.0","2.0","223","0.009","79","30.8","23.6","4.7","4.3","1.9","0.3",".561","",".831","9.4",".184",0,1979,136
"284","Kareem Abdul-Jabbar","32","LAL","147.0","147.0","221","0.665","82","38.3","24.8","10.8","4.5","1.0","3.4",".604",".000",".765","14.8",".227",1,1980,335
"285","Julius Erving","29","PHI","31.5","31.5","221","0.143","78","36.1","26.9","7.4","4.6","2.2","1.8",".519",".200",".787","12.5",".213",0,1980,417
"286","George Gervin","27","SAS","19.0","19.0","221","0.086","78","37.6","33.1","5.2","2.6","1.4","1.0",".528",".314",".852","10.6",".173",0,1980,169
"287","Larry Bird","23","BOS","15.0","15.0","221","0.068","82","36.0","21.3","10.4","4.5","1.7","0.6",".474",".406",".836","11.2",".182",0,1980,401
"289","Dennis Johnson","25","SEA","2.0","2.0","221","0.009","81","36.3","19.0","5.1","4.1","1.8","1.0",".422",".207",".780","7.4",".120",0,1980,230
"290","Dan Roundfield","26","ATL","2.0","2.0","221","0.009","81","32.0","16.5","10.3","2.3","1.2","1.7",".499",".000",".710","9.1",".169",0,1980,165
"291","Gus Williams","26","SEA","1.5","1.5","221","0.007","82","36.2","22.1","3.4","4.8","2.4","0.5",".482",".194",".788","11.6",".187",0,1980,185
"298","Marques Johnson","24","MIL","1.0","73.0","690","0.106","76","33.4","20.3","6.8","4.6","1.5","0.5",".552",".000",".706","11.2",".211",0,1981,258
"299","Robert Parish","27","BOS","0.0","53.0","690","0.077","82","28.0","18.9","9.5","1.8","1.0","2.6",".545",".000",".710","10.9",".228",0,1981,103
"302","Jamaal Wilkes","27","LAL","0.0","19.0","690","0.028","81","37.4","22.6","5.4","2.9","1.5","0.4",".526",".077",".758","8.5",".135",0,1981,72
"305","Phil Ford","24","KCK","1.0","15.0","690","0.022","66","34.7","17.5","1.9","8.8","1.5","0.1",".478",".306",".831","5.2",".110",0,1981,29
"306","Bernard King","24","GSW","0.0","12.0","690","0.017","81","36.0","21.9","6.8","3.5","0.9","0.4",".588",".333",".703","9.1",".150",0,1981,48
"307","Kelvin Ransey","22","POR","1.0","11.0","690","0.016","80","30.4","15.2","2.4","6.9","1.1","0.1",".452",".097",".749","2.8",".056",0,1981,374
"308","Jack Sikma","25","SEA","0.0","11.0","690","0.016","82","35.6","18.7","10.4","3.0","1.0","1.1",".454",".000",".823","8.0",".132",0,1981,252
"310","Micheal Ray Richardson","25","NYK","0.0","7.0","690","0.010","79","40.2","16.4","6.9","7.9","2.9","0.4",".469",".225",".663","6.9",".104",0,1981,379
"311","Truck Robinson","29","PHO","0.0","6.0","690","0.009","82","37.7","18.8","9.6","2.5","0.8","0.5",".505","",".629","7.6",".119",0,1981,186
"312","Reggie Theus","23","CHI","0.0","6.0","690","0.009","82","34.4","18.9","3.5","5.2","1.5","0.2",".495",".200",".809","9.2",".156",0,1981,178
"314","Artis Gilmore","31","CHI","0.0","4.0","690","0.006","82","34.5","17.9","10.1","2.1","0.6","2.4",".670","",".705","12.3",".208",0,1981,429
"316","Michael Cooper","24","LAL","0.0","3.0","690","0.004","81","32.4","9.4","4.1","4.1","1.6","1.0",".491",".211",".785","5.0",".092",0,1981,290
"318","George Johnson","32","SAS","0.0","3.0","690","0.004","82","23.6","5.0","7.3","1.1","0.6","3.4",".473","",".734","4.5",".112",0,1981,448
"320","Mike Mitchell","25","CLE","0.0","3.0","690","0.004","82","39.0","24.5","6.1","1.7","0.8","0.6",".476",".444",".784","6.0",".091",0,1981,159
"321","James Silas","31","SAS","0.0","3.0","690","0.004","75","27.4","17.7","3.1","3.8","0.7","0.2",".477",".000",".850","7.0",".164",0,1981,240
"324","Moses Malone","26","HOU","40.0","507.0","690","0.735","81","42.0","31.1","14.7","1.8","0.9","1.5",".519",".000",".762","15.4",".218",1,1982,114
"325","Larry Bird","25","BOS","20.0","406.0","690","0.588","77","38.0","22.9","10.9","5.8","1.9","0.9",".503",".212",".863","12.5",".205",0,1982,451
"326","Julius Erving","31","PHI","1.0","203.0","690","0.294","81","34.4","24.4","6.9","3.9","2.0","1.7",".546",".273",".763","13.3",".229",0,1982,6
"329","George Gervin","29","SAS","1.0","110.0","690","0.159","79","35.7","32.3","5.0","2.4","1.0","0.6",".500",".278",".864","10.7",".182",0,1982,27
"334","Dan Roundfield","28","ATL","0.0","14.0","690","0.020","61","36.3","18.6","11.8","2.7","1.0","1.5",".466",".200",".760","6.5",".141",0,1982,3
"335","Kelly Tripucka","22","DET","0.0","14.0","690","0.020","82","37.5","21.6","5.4","3.3","1.1","0.2",".496",".227",".797","7.5",".117",0,1982,203
"337","Bernard King","25","GSW","0.0","10.0","690","0.014","79","36.2","23.2","5.9","3.6","1.0","0.3",".566",".200",".705","8.7",".147",0,1982,294
"340","Michael Cooper","25","LAL","0.0","3.0","690","0.004","76","28.9","11.9","3.5","3.0","1.6","0.8",".517",".118",".813","5.0",".109",0,1982,368
"342","Marques Johnson","25","MIL","0.0","3.0","690","0.004","60","31.7","16.5","6.1","3.6","1.0","0.6",".532",".000",".700","6.2",".158",0,1982,376
"346","Jay Vincent","22","DAL","0.0","1.0","690","0.001","81","32.4","21.4","7.0","2.2","1.1","0.3",".497",".250",".716","5.6",".102",0,1982,450
"350","Larry Bird","26","BOS","1.0","364.0","750","0.485","79","37.7","23.6","11.0","5.8","1.9","0.9",".504",".286",".840","14.0",".225",0,1983,112
"351","Magic Johnson","23","LAL","2.0","304.5","750","0.406","79","36.8","16.8","8.6","10.5","2.2","0.6",".548",".000",".800","12.5",".207",0,1983,140
"353","Julius Erving","32","PHI","3.0","112.0","750","0.149","72","33.6","21.4","6.8","3.7","1.6","1.8",".517",".286",".759","10.9",".217",0,1983,239
"354","Alex English","29","DEN","0.0","42.0","750","0.056","82","36.4","28.4","7.3","4.8","1.4","1.5",".516",".167",".829","10.3",".166",0,1983,77
"355","Buck Williams","22","NJN","0.0","40.0","750","0.053","82","36.1","17.0","12.5","1.5","1.1","1.3",".588",".000",".620","11.4",".185",0,1983,375
"357","George Gervin","30","SAS","0.0","30.0","750","0.040","78","36.3","26.2","4.6","3.4","1.1","0.9",".487",".364",".853","9.4",".159",0,1983,179
"358","Kareem Abdul-Jabbar","35","LAL","0.0","15.0","750","0.020","79","32.3","21.8","7.5","2.5","0.8","2.2",".588",".000",".749","10.9",".205",0,1983,345
"361","Terry Cummings","21","SDC","0.0","10.0","750","0.013","70","36.2","23.7","10.6","2.5","1.8","0.9",".523",".000",".709","8.7",".164",0,1983,302
"364","Bernard King","26","NYK","0.0","4.0","750","0.005","68","32.5","21.9","4.8","2.9","1.3","0.2",".528",".000",".722","7.5",".163",0,1983,234
"371","Kiki Vandeweghe","24","DEN","0.0","1.0","750","0.001","82","35.5","26.7","5.3","2.5","0.8","0.5",".547",".294",".875","11.0",".182",0,1983,45
"375","Kareem Abdul-Jabbar","36","LAL","3.0","153.0","760","0.201","80","32.8","21.5","7.3","2.6","0.7","1.8",".578",".000",".723","8.9",".163",0,1984,424
"378","Adrian Dantley","27","UTA","1.0","88.0","760","0.116","79","37.8","30.6","5.7","3.9","0.8","0.1",".558",".250",".859","14.6",".235",0,1984,173
"381","Moses Malone","28","PHI","0.0","35.0","760","0.046","71","36.8","22.7","13.4","1.4","1.0","1.5",".483",".000",".750","9.5",".175",0,1984,207
"382","Mark Aguirre","24","DAL","0.0","28.0","760","0.037","79","36.7","29.5","5.9","4.5","1.0","0.3",".524",".268",".749","9.0",".149",0,1984,106
"383","Bill Laimbeer","26","DET","0.0","9.0","760","0.012","82","34.9","17.3","12.2","1.8","0.6","1.0",".530",".000",".866","10.8",".181",0,1984,334
"385","World B. Free","30","CLE","0.0","1.0","760","0.001","75","31.7","22.3","2.9","3.0","1.3","0.1",".445",".319",".784","5.3",".107",0,1984,62
"388","Magic Johnson","25","LAL","1.0","264.0","780","0.338","77","36.1","18.3","6.2","12.6","1.5","0.3",".561",".189",".843","12.7",".220",0,1985,118
"393","Bernard King","28","NYK","0.0","70.0","780","0.090","55","37.5","32.9","5.8","3.7","1.3","0.3",".530",".100",".772","7.1",".166",0,1985,149
"394","Sidney Moncrief","27","MIL","0.0","65.0","780","0.083","73","37.5","21.7","5.4","5.2","1.6","0.5",".483",".273",".828","11.2",".197",0,1985,289
"396","Ralph Sampson","24","HOU","0.0","26.0","780","0.033","82","37.6","22.1","10.4","2.7","1.0","2.0",".502",".000",".676","6.2",".096",0,1985,75
"398","Alex English","31","DEN","0.0","12.0","780","0.015","81","36.1","27.9","5.7","4.2","1.2","0.6",".518",".200",".829","8.9",".146",0,1985,168
"400","Micheal Ray Richardson","29","NJN","0.0","11.0","780","0.014","82","38.1","20.1","5.6","8.2","3.0","0.3",".469",".252",".767","8.7",".134",0,1985,146
"402","Mark Eaton","28","UTA","0.0","4.0","780","0.005","82","34.3","9.7","11.3","1.5","0.4","5.6",".449","",".712","5.4",".093",0,1985,287
"404","Jack Sikma","29","SEA","0.0","3.0","780","0.004","68","35.3","18.5","10.6","4.2","1.2","1.3",".489",".200",".852","8.3",".166",0,1985,442
"405","Dominique Wilkins","25","ATL","0.0","3.0","780","0.004","81","37.3","27.4","6.9","2.5","1.7","0.7",".451",".309",".806","7.6",".121",0,1985,96
"406","World B. Free","31","CLE","0.0","2.0","780","0.003","71","31.7","22.5","3.0","4.5","1.1","0.2",".459",".368",".749","6.0",".127",0,1985,93
"410","Larry Bird","29","BOS","73.0","765.0","780","0.981","82","38.0","25.8","9.8","6.8","2.0","0.6",".496",".423",".896","15.8",".244",1,1986,216
"411","Dominique Wilkins","26","ATL","5.0","407.0","780","0.522","78","39.1","30.3","7.9","2.6","1.8","0.6",".468",".186",".818","10.8",".170",0,1986,197
"412","Magic Johnson","26","LAL","0.0","205.0","780","0.263","72","35.8","18.8","5.9","12.6","1.6","0.2",".526",".233",".871","12.1",".226",0,1986,31
"415","Charles Barkley","22","PHI","0.0","133.0","780","0.171","80","36.9","20.0","12.8","3.9","2.2","1.6",".572",".227",".685","10.8",".176",0,1986,394
"417","Alex English","32","DEN","0.0","55.0","780","0.071","81","37.3","29.8","5.0","4.0","0.9","0.4",".504",".200",".862","9.8",".156",0,1986,69
"419","Moses Malone","30","PHI","0.0","21.0","780","0.027","74","36.6","23.8","11.8","1.2","0.9","1.0",".458",".000",".787","8.9",".157",0,1986,249
"420","Terry Cummings","24","MIL","0.0","9.0","780","0.012","82","32.5","19.8","8.5","2.4","1.5","0.6",".474",".000",".656","7.4",".133",0,1986,229
"424","Alvin Robertson","23","SAS","0.0","3.0","780","0.004","82","35.1","17.0","6.3","5.5","3.7","0.5",".514",".276",".795","8.6",".143",0,1986,441
"425","Adrian Dantley","29","UTA","0.0","2.0","780","0.003","76","36.1","29.8","5.2","3.5","0.8","0.1",".563",".091",".791","12.8",".223",0,1986,174
"426","Buck Williams","25","NJN","0.0","2.0","780","0.003","82","37.4","15.9","12.0","1.6","0.9","1.2",".523",".000",".676","6.8",".106",0,1986,387
"428","Magic Johnson","27","LAL","65.0","733.0","780","0.940","80","36.3","23.9","6.3","12.2","1.7","0.5",".522",".205",".848","15.9",".263",1,1987,79
"429","Michael Jordan","23","CHI","10.0","449.0","780","0.576","82","40.0","37.1","5.2","4.6","2.9","1.5",".482",".182",".857","16.9",".247",0,1987,124
"430","Larry Bird","30","BOS","1.0","271.0","780","0.347","74","40.6","28.1","9.2","7.6","1.8","0.9",".525",".400",".910","15.2",".243",0,1987,21
"432","Dominique Wilkins","27","ATL","0.0","128.0","780","0.164","79","37.6","29.0","6.3","3.3","1.5","0.6",".463",".292",".818","12.2",".197",0,1987,449
"433","Charles Barkley","23","PHI","1.0","113.0","780","0.145","68","40.3","23.0","14.6","4.9","1.8","1.5",".594",".202",".761","12.0",".210",0,1987,84
"434","Hakeem Olajuwon","24","HOU","1.0","28.0","780","0.036","75","36.8","23.4","11.4","2.9","1.9","3.4",".508",".200",".702","10.9",".189",0,1987,349
"436","Fat Lever","26","DEN","0.0","11.0","780","0.014","82","37.2","18.9","8.9","8.0","2.5","0.4",".469",".239",".782","9.7",".153",0,1987,199
"437","Moses Malone","31","WSB","0.0","9.0","780","0.012","73","34.1","24.1","11.3","1.6","0.8","1.3",".454",".000",".824","9.4",".182",0,1987,13
"438","Steve Johnson","29","POR","0.0","4.0","780","0.005","79","29.7","16.8","7.2","2.0","0.6","1.0",".556","",".698","4.4",".091",0,1987,94
"439","Karl Malone","23","UTA","0.0","3.0","780","0.004","82","34.8","21.7","10.4","1.9","1.3","0.7",".512",".000",".598","6.9",".116",0,1987,350
"440","Robert Parish","33","BOS","0.0","3.0","780","0.004","80","37.4","17.5","10.6","2.2","0.8","1.8",".556",".000",".735","9.2",".147",0,1987,218
"443","Rolando Blackman","27","DAL","0.0","1.0","780","0.001","80","34.5","21.0","3.5","3.3","0.8","0.3",".495",".333",".884","8.0",".140",0,1987,309
"447","Magic Johnson","28","LAL","16.0","508.0","800","0.635","72","36.6","19.6","6.2","11.9","1.6","0.2",".492",".196",".853","10.9",".199",0,1988,356
"448","Charles Barkley","24","PHI","1.0","109.0","800","0.136","80","39.6","28.3","11.9","3.2","1.3","1.3",".587",".280",".751","16.7",".253",0,1988,254
"449","Clyde Drexler","25","POR","0.0","86.0","800","0.108","81","37.8","27.0","6.6","5.8","2.5","0.6",".506",".212",".811","13.2",".207",0,1988,129
"450","Dominique Wilkins","28","ATL","0.0","55.0","800","0.069","78","37.8","30.7","6.4","2.9","1.3","0.6",".464",".295",".826","9.8",".160",0,1988,242
"451","Hakeem Olajuwon","25","HOU","0.0","40.0","800","0.050","79","35.8","22.8","12.1","2.1","2.1","2.7",".514",".000",".695","10.7",".182",0,1988,219
"452","Karl Malone","24","UTA","0.0","36.0","800","0.045","82","39.0","27.7","12.0","2.4","1.4","0.6",".520",".000",".700","10.1",".152",0,1988,303
"453","Fat Lever","27","DEN","0.0","26.0","800","0.032","82","37.3","18.9","8.1","7.8","2.7","0.3",".473",".211",".785","10.4",".163",0,1988,73
"454","John Stockton","25","UTA","0.0","15.0","800","0.019","82","34.7","14.7","2.9","13.8","3.0","0.2",".574",".358",".840","14.1",".238",0,1988,452
"458","Michael Adams","25","DEN","0.0","1.0","800","0.001","82","33.9","13.9","2.7","6.1","2.0","0.2",".449",".367",".834","7.5",".130",0,1988,256
"462","Magic Johnson","29","LAL","42.5","664.5","850","0.782","77","37.5","22.5","7.9","12.8","1.8","0.3",".509",".314",".911","16.1",".267",1,1989,261
"463","Michael Jordan","25","CHI","27.5","598.8","850","0.704","81","40.2","32.5","8.0","8.0","2.9","0.8",".538",".276",".850","19.8",".292",0,1989,393
"465","Patrick Ewing","26","NYK","8.0","200.0","850","0.235","80","36.2","22.7","9.3","2.4","1.5","3.5",".567",".000",".746","10.9",".181",0,1989,292
"466","Hakeem Olajuwon","26","HOU","2.0","179.3","850","0.211","82","36.9","24.8","13.5","1.8","2.6","3.4",".508",".000",".696","12.4",".197",0,1989,314
"467","Charles Barkley","25","PHI","0.0","94.3","850","0.111","79","39.1","25.8","12.5","4.1","1.6","0.8",".579",".216",".753","16.1",".250",0,1989,281
"468","John Stockton","26","UTA","0.0","28.0","850","0.033","82","38.7","17.1","3.0","13.6","3.2","0.2",".538",".242",".863","15.6",".236",0,1989,310
"471","Mark Price","24","CLE","0.0","18.0","850","0.021","75","36.4","18.9","3.0","8.4","1.5","0.1",".526",".441",".901","11.3",".199",0,1989,351
"472","Brad Daugherty","23","CLE","0.0","4.0","850","0.005","78","36.2","18.9","9.2","3.7","0.8","0.5",".538",".333",".737","9.6",".164",0,1989,434
"474","Mark Eaton","32","UTA","0.0","3.0","850","0.004","82","35.5","6.2","10.3","1.0","0.5","3.8",".462","",".660","6.6",".108",0,1989,373
"475","Moses Malone","33","ATL","0.0","3.0","850","0.004","81","35.5","20.2","11.8","1.4","1.0","1.2",".491",".000",".789","10.7",".178",0,1989,135
"478","Terry Cummings","27","MIL","0.0","1.0","850","0.001","80","35.3","22.9","8.1","2.5","1.3","0.9",".467",".467",".787","7.7",".131",0,1989,61
"480","Isiah Thomas","27","DET","0.0","1.0","850","0.001","80","36.6","18.2","3.4","8.3","1.7","0.3",".464",".273",".818","7.0",".115",0,1989,214
"482","Charles Barkley","26","PHI","38.0","614.0","920","0.667","79","39.1","25.2","11.5","3.9","1.9","0.6",".600",".217",".749","17.3",".269",0,1990,403
"483","Michael Jordan","26","CHI","21.0","564.0","920","0.613","82","39.0","33.6","6.9","6.3","2.8","0.7",".526",".376",".848","19.0",".285",0,1990,300
"484","Karl Malone","26","UTA","2.0","214.0","920","0.233","82","38.1","31.0","11.1","2.8","1.5","0.6",".562",".372",".762","15.9",".245",0,1990,161
"485","Patrick Ewing","27","NYK","1.0","162.0","920","0.176","82","38.6","28.6","10.9","2.2","1.0","4.0",".551",".250",".775","13.5",".205",0,1990,357
"487","Hakeem Olajuwon","27","HOU","1.0","64.0","920","0.070","82","38.1","24.3","14.0","2.9","2.1","4.6",".501",".167",".713","11.2",".173",0,1990,14
"492","Clyde Drexler","27","POR","0.0","3.0","920","0.003","73","36.8","23.3","6.9","5.9","2.0","0.7",".494",".283",".774","11.6",".208",0,1990,439
"493","Joe Dumars","26","DET","0.0","1.0","920","0.001","75","34.4","17.8","2.8","4.9","0.8","0.0",".480",".400",".900","8.7",".162",0,1990,406
"494","Isiah Thomas","28","DET","0.0","1.0","920","0.001","81","37.0","18.4","3.8","9.4","1.7","0.2",".438",".309",".775","6.7",".107",0,1990,231
"495","Michael Jordan","27","CHI","77.0","891.0","960","0.928","82","37.0","31.5","6.0","5.5","2.7","1.0",".539",".312",".851","20.3",".321",1,1991,188
"497","David Robinson","25","SAS","6.0","476.0","960","0.496","82","37.7","25.6","13.0","2.5","1.5","3.9",".552",".143",".762","17.0",".264",0,1991,364
"498","Charles Barkley","27","PHI","2.0","222.0","960","0.231","67","37.3","27.6","10.1","4.2","1.6","0.5",".570",".284",".722","13.4",".258",0,1991,418
"504","Terry Porter","27","POR","0.0","25.0","960","0.026","81","32.9","17.0","3.5","8.0","2.0","0.1",".515",".415",".823","13.0",".235",0,1991,80
"505","Patrick Ewing","28","NYK","0.0","20.0","960","0.021","81","38.3","26.6","11.2","3.0","1.0","3.2",".514",".000",".745","10.0",".155",0,1991,143
"507","Isiah Thomas","29","DET","0.0","11.0","960","0.011","48","34.5","16.2","3.3","9.3","1.6","0.2",".435",".292",".782","3.4",".098",0,1991,277
"508","Robert Parish","37","BOS","0.0","10.0","960","0.010","81","30.1","14.9","10.6","0.8","0.8","1.3",".598",".000",".767","10.0",".198",0,1991,220
"510","Bernard King","34","WSB","0.0","7.0","960","0.007","64","37.5","28.4","5.0","4.6","0.9","0.3",".472",".216",".790","3.5",".070",0,1991,221
"511","Kenny Smith","25","HOU","0.0","5.0","960","0.005","78","34.6","17.7","2.1","7.1","1.4","0.1",".520",".363",".844","9.0",".161",0,1991,226
"512","Hakeem Olajuwon","28","HOU","0.0","4.0","960","0.004","56","36.8","21.2","13.8","2.3","2.2","3.9",".508",".000",".769","8.6",".201",0,1991,147
"514","Kevin McHale","33","BOS","0.0","1.0","960","0.001","68","30.4","18.4","7.1","1.9","0.4","2.1",".553",".405",".829","7.9",".182",0,1991,74
"516","Clyde Drexler","29","POR","12.0","561.0","960","0.584","76","36.2","25.0","6.6","6.7","1.8","0.9",".470",".337",".794","12.8",".223",0,1992,57
"519","Patrick Ewing","29","NYK","0.0","100.0","960","0.104","82","38.4","24.0","11.2","1.9","1.1","3.0",".522",".167",".738","13.0",".198",0,1992,59
"520","Chris Mullin","28","GSW","0.0","81.0","960","0.084","81","41.3","25.6","5.6","3.5","2.1","0.8",".524",".366",".833","10.8",".155",0,1992,327
"522","Tim Hardaway","25","GSW","0.0","64.0","960","0.067","81","41.1","23.4","3.8","10.0","2.0","0.2",".461",".338",".766","9.2",".132",0,1992,251
"523","Scottie Pippen","26","CHI","1.0","32.0","960","0.033","82","38.6","21.0","7.7","7.0","1.9","1.1",".506",".200",".760","12.7",".192",0,1992,1
"524","Dennis Rodman","30","DET","0.0","26.0","960","0.027","82","40.3","9.8","18.7","2.3","0.8","0.9",".539",".317",".600","12.6",".183",0,1992,184
"525","Brad Daugherty","26","CLE","0.0","24.0","960","0.025","73","36.2","21.5","10.4","3.6","0.9","1.1",".570",".000",".777","11.7",".213",0,1992,60
"526","Charles Barkley","28","PHI","0.0","18.0","960","0.019","75","38.4","23.1","11.1","4.1","1.8","0.6",".552",".234",".695","12.3",".205",0,1992,257
"527","John Stockton","29","UTA","0.0","18.0","960","0.019","82","36.6","15.8","3.3","13.7","3.0","0.3",".482",".407",".842","13.4",".215",0,1992,191
"528","Larry Bird","35","BOS","0.0","3.0","960","0.003","45","36.9","20.2","9.6","6.8","0.9","0.7",".466",".406",".926","5.5",".159",0,1992,338
"534","Michael Jordan","29","CHI","13.0","565.0","980","0.577","78","39.3","32.6","6.7","5.5","2.8","0.8",".495",".352",".837","17.2",".270",0,1993,245
"537","David Robinson","27","SAS","0.0","33.0","980","0.034","82","39.2","23.4","11.7","3.7","1.5","3.2",".501",".176",".732","13.2",".197",0,1993,316
"543","Joe Dumars","29","DET","0.0","1.0","980","0.001","77","40.2","23.5","1.9","4.0","1.0","0.1",".466",".375",".864","9.1",".141",0,1993,259
"545","John Stockton","30","UTA","0.0","1.0","980","0.001","82","34.9","15.1","2.9","12.0","2.4","0.3",".486",".385",".798","10.6",".177",0,1993,141
"552","Shawn Kemp","24","SEA","0.0","17.0","1010","0.017","79","32.9","18.1","10.8","2.6","1.8","2.1",".538",".250",".741","11.7",".216",0,1994,206
"553","Karl Malone","30","UTA","0.0","17.0","1010","0.017","82","40.6","25.2","11.5","4.0","1.5","1.5",".497",".250",".694","13.4",".193",0,1994,107
"555","Charles Barkley","30","PHO","0.0","5.0","1010","0.005","65","35.4","21.6","11.2","4.6","1.6","0.6",".495",".270",".704","8.8",".185",0,1994,20
"556","Mookie Blaylock","26","ATL","0.0","1.0","1010","0.001","81","36.0","13.8","5.2","9.7","2.6","0.5",".411",".334",".730","10.2",".168",0,1994,355
"557","Kevin Johnson","27","PHO","0.0","1.0","1010","0.001","67","36.6","20.0","2.5","9.5","1.9","0.1",".487",".222",".819","8.7",".170",0,1994,68
"559","Latrell Sprewell","23","GSW","0.0","1.0","1010","0.001","82","43.1","21.0","4.9","4.7","2.2","0.9",".433",".361",".774","8.0",".108",0,1994,282
"560","John Stockton","31","UTA","0.0","1.0","1010","0.001","82","36.2","15.1","3.1","12.6","2.4","0.3",".528",".322",".805","13.2",".214",0,1994,51
"561","Dominique Wilkins","34","TOT","0.0","1.0","1010","0.001","74","35.6","26.0","6.5","2.3","1.2","0.4",".440",".288",".847","8.4",".153",0,1994,123
"565","Karl Malone","31","UTA","14.0","532.0","1050","0.507","82","38.1","26.7","10.6","3.5","1.6","1.0",".536",".268",".742","13.8",".212",0,1995,367
"567","Hakeem Olajuwon","32","HOU","1.0","147.0","1050","0.140","72","39.6","27.8","10.8","3.5","1.8","3.4",".517",".188",".756","10.7",".181",0,1995,213
"568","Charles Barkley","31","PHO","1.0","96.0","1050","0.091","68","35.0","23.0","11.1","4.1","1.6","0.7",".486",".338",".748","10.6",".214",0,1995,331
"576","Clyde Drexler","32","TOT","0.0","3.0","1050","0.003","76","35.9","21.8","6.3","4.8","1.8","0.6",".461",".360",".824","11.7",".206",0,1995,436
"577","Cedric Ceballos","25","LAL","0.0","1.0","1050","0.001","58","35.0","21.7","8.0","1.8","1.0","0.3",".509",".397",".716","5.2",".123",0,1995,333
"579","David Robinson","30","SAS","0.0","574.0","1130","0.508","82","36.8","25.0","12.2","3.0","1.4","3.3",".516",".333",".761","18.3",".290",0,1996,307
"581","Hakeem Olajuwon","33","HOU","1.0","238.0","1130","0.211","72","38.8","26.9","10.9","3.6","1.6","2.9",".514",".214",".724","9.7",".166",0,1996,35
"582","Scottie Pippen","30","CHI","0.0","226.0","1130","0.200","77","36.7","19.4","6.4","5.9","1.7","0.7",".463",".374",".679","12.3",".209",0,1996,377
"583","Gary Payton","27","SEA","0.0","98.0","1130","0.087","81","39.0","19.3","4.2","7.5","2.9","0.2",".484",".328",".748","11.5",".174",0,1996,324
"586","Grant Hill","23","DET","0.0","63.0","1130","0.056","80","40.8","20.2","9.8","6.9","1.3","0.6",".462",".192",".751","11.7",".172",0,1996,2
"588","John Stockton","33","UTA","0.0","12.0","1130","0.011","82","35.5","14.7","2.8","11.2","1.7","0.2",".538",".422",".830","13.0",".214",0,1996,131
"589","Charles Barkley","32","PHO","0.0","8.0","1130","0.007","71","37.1","23.2","11.6","3.7","1.6","0.8",".500",".280",".777","10.5",".191",0,1996,126
"590","Magic Johnson","36","LAL","0.0","8.0","1130","0.007","32","29.9","14.6","5.7","6.9","0.8","0.4",".466",".379",".856","3.6",".181",0,1996,153
"593","Terrell Brandon","25","CLE","0.0","3.0","1130","0.003","75","34.3","19.3","3.3","6.5","1.8","0.4",".465",".387",".887","12.7",".237",0,1996,244
"595","Karl Malone","33","UTA","63.0","986.0","1150","0.857","82","36.6","27.4","9.9","4.5","1.4","0.6",".550",".000",".755","16.7",".268",1,1997,66
"597","Grant Hill","24","DET","0.0","376.0","1150","0.327","80","39.3","21.4","9.0","7.3","1.8","0.6",".496",".303",".711","14.6",".223",0,1997,284
"599","Glen Rice","29","CHH","0.0","134.0","1150","0.117","79","42.6","26.8","4.0","2.0","0.9","0.3",".477",".470",".867","10.8",".154",0,1997,195
"600","Gary Payton","28","SEA","0.0","105.0","1150","0.091","82","39.2","21.8","4.6","7.1","2.4","0.2",".476",".313",".715","12.9",".193",0,1997,202
"607","Dikembe Mutombo","30","ATL","0.0","4.0","1150","0.003","80","37.2","13.3","11.6","1.4","0.6","3.3",".527","",".705","11.3",".183",0,1997,88
"611","Tom Gugliotta","27","MIN","0.0","1.0","1150","0.001","81","38.7","20.6","8.7","4.1","1.6","1.1",".442",".258",".820","6.7",".103",0,1997,361
"612","Allen Iverson","21","PHI","0.0","1.0","1150","0.001","76","40.1","23.5","4.1","7.5","2.1","0.3",".416",".341",".702","4.1",".065",0,1997,308
"613","Kevin Johnson","30","PHO","0.0","1.0","1150","0.001","70","38.0","20.1","3.6","9.3","1.5","0.2",".496",".441",".852","11.7",".211",0,1997,233
"614","Steve Smith","27","ATL","0.0","1.0","1150","0.001","72","39.1","20.1","3.3","4.2","0.9","0.3",".429",".335",".847","9.1",".154",0,1997,155
"615","Michael Jordan","34","CHI","92.0","1084.0","1160","0.934","82","38.8","28.7","5.8","3.5","1.7","0.5",".465",".238",".784","15.8",".238",1,1998,55
"616","Karl Malone","34","UTA","20.0","842.0","1160","0.726","81","37.4","27.0","10.3","3.9","1.2","0.9",".530",".333",".761","16.4",".259",0,1998,389
"617","Gary Payton","29","SEA","3.0","431.0","1160","0.372","82","38.4","19.2","4.6","8.3","2.3","0.2",".453",".338",".744","12.5",".190",0,1998,227
"618","Shaquille O'Neal","25","LAL","1.0","311.0","1160","0.268","60","36.3","28.3","11.4","2.4","0.7","2.4",".584","",".527","10.2",".224",0,1998,360
"620","Tim Hardaway","31","MIA","0.0","71.0","1160","0.061","81","37.4","18.9","3.7","8.3","1.7","0.2",".431",".351",".781","11.7",".185",0,1998,167
"621","David Robinson","32","SAS","0.0","36.0","1160","0.031","73","33.7","21.6","10.6","2.7","0.9","2.6",".511",".250",".735","13.8",".269",0,1998,426
"624","Scottie Pippen","32","CHI","0.0","14.0","1160","0.012","44","37.5","19.1","5.2","5.8","1.8","1.0",".447",".318",".777","6.6",".193",0,1998,132
"625","Glen Rice","30","CHH","0.0","7.0","1160","0.006","82","40.2","22.3","4.3","2.2","0.9","0.3",".457",".433",".849","9.3",".136",0,1998,243
"626","Antoine Walker","21","BOS","0.0","6.0","1160","0.005","82","39.9","22.4","10.2","3.3","1.7","0.7",".423",".312",".645","4.7",".070",0,1998,237
"629","Mitch Richmond","32","SAC","0.0","3.0","1160","0.003","70","36.7","23.2","3.3","4.0","1.3","0.2",".445",".389",".864","7.9",".148",0,1998,435
"630","Reggie Miller","32","IND","0.0","2.0","1160","0.002","81","34.5","19.5","2.9","2.1","1.0","0.1",".477",".429",".868","12.0",".206",0,1998,24
"631","Rik Smits","31","IND","0.0","2.0","1160","0.002","73","28.6","16.7","6.9","1.4","0.5","1.2",".495",".000",".783","6.1",".141",0,1998,53
"632","Michael Finley","24","DAL","0.0","1.0","1160","0.001","82","41.4","21.5","5.3","4.9","1.6","0.4",".449",".357",".784","7.5",".106",0,1998,270
"634","Karl Malone","35","UTA","44.0","827.0","1180","0.701","49","37.4","23.8","9.4","4.1","1.3","0.6",".493",".000",".788","9.6",".252",1,1999,12
"637","Allen Iverson","23","PHI","5.0","319.0","1180","0.270","48","41.5","26.8","4.9","4.6","2.3","0.1",".412",".291",".751","7.2",".173",0,1999,90
"639","Shaquille O'Neal","26","LAL","1.0","89.0","1180","0.075","49","34.8","26.3","10.7","2.3","0.7","1.7",".576",".000",".540","9.0",".255",0,1999,33
"640","Chris Webber","25","SAC","0.0","51.0","1180","0.043","42","40.9","20.0","13.0","4.1","1.4","2.1",".486",".118",".454","3.6",".102",0,1999,321
"643","Kevin Garnett","22","MIN","0.0","9.0","1180","0.008","47","37.9","20.8","10.4","4.3","1.7","1.8",".460",".286",".704","5.4",".146",0,1999,228
"644","Shawn Kemp","29","CLE","0.0","7.0","1180","0.006","42","35.1","20.5","9.2","2.4","1.1","1.1",".482",".500",".789","6.3",".205",0,1999,224
"646","Hakeem Olajuwon","36","HOU","0.0","3.0","1180","0.003","50","35.7","18.9","9.6","1.8","1.6","2.5",".514",".308",".717","6.5",".175",0,1999,163
"649","Vince Carter","22","TOR","0.0","1.0","1180","0.001","50","35.2","18.3","5.7","3.0","1.1","1.5",".450",".288",".761","5.0",".136",0,1999,177
"650","Anfernee Hardaway","27","ORL","0.0","1.0","1180","0.001","50","38.9","15.8","5.7","5.3","2.2","0.5",".420",".286",".706","5.0",".122",0,1999,204
"651","Mark Jackson","33","IND","0.0","1.0","1180","0.001","49","28.2","7.6","3.8","7.9","0.9","0.1",".419",".311",".823","3.8",".134",0,1999,166
"652","Glenn Robinson","26","MIL","0.0","1.0","1180","0.001","47","33.6","18.4","5.9","2.1","1.0","0.9",".459",".392",".870","4.0",".122",0,1999,46
"654","Rasheed Wallace","24","POR","0.0","1.0","1180","0.001","49","28.9","12.8","4.9","1.2","1.0","1.1",".508",".419",".732","5.0",".169",0,1999,76
"659","Tim Duncan","23","SAS","0.0","248.0","1210","0.205","74","38.9","23.2","12.4","3.2","0.9","2.2",".490",".091",".761","13.0",".218",0,2000,440
"661","Allen Iverson","24","PHI","1.0","132.0","1210","0.109","70","40.8","28.4","3.8","4.7","2.1","0.1",".421",".341",".713","6.9",".116",0,2000,286
"662","Grant Hill","27","DET","0.0","113.0","1210","0.093","74","37.5","25.8","6.6","5.2","1.4","0.6",".489",".347",".795","10.7",".185",0,2000,438
"664","Vince Carter","23","TOR","0.0","51.0","1210","0.042","82","38.1","25.7","5.8","3.9","1.3","1.1",".465",".403",".791","11.8",".182",0,2000,359
"666","Kobe Bryant","21","LAL","0.0","3.0","1210","0.002","66","38.2","22.5","6.3","4.9","1.6","0.9",".468",".319",".821","10.6",".202",0,2000,370
"667","Darrell Armstrong","31","ORL","0.0","1.0","1210","0.001","82","31.6","16.2","3.3","6.1","2.1","0.1",".433",".340",".911","8.0",".149",0,2000,154
"669","Reggie Miller","34","IND","0.0","1.0","1210","0.001","81","36.9","18.1","3.0","2.3","1.0","0.3",".448",".408",".919","10.1",".162",0,2000,138
"672","Tim Duncan","24","SAS","18.0","706.0","1240","0.569","82","38.7","22.2","12.2","3.0","0.9","2.3",".499",".259",".618","13.2",".200",0,2001,369
"673","Shaquille O'Neal","28","LAL","7.0","578.0","1240","0.466","74","39.5","28.7","12.7","3.7","0.6","2.8",".572",".000",".513","14.9",".245",0,2001,36
"674","Chris Webber","27","SAC","5.0","521.0","1240","0.420","70","40.5","27.1","11.1","4.2","1.3","1.7",".481",".071",".703","11.0",".186",0,2001,54
"675","Kevin Garnett","24","MIN","1.0","151.0","1240","0.122","81","39.5","22.0","11.4","5.0","1.4","1.8",".477",".288",".764","11.8",".176",0,2001,391
"676","Tracy McGrady","21","ORL","0.0","64.0","1240","0.052","77","40.1","26.8","7.5","4.6","1.5","1.5",".457",".355",".733","12.2",".189",0,2001,344
"679","Kobe Bryant","22","LAL","0.0","11.0","1240","0.009","68","40.9","28.5","5.9","5.0","1.7","0.6",".464",".305",".853","11.3",".196",0,2001,83
"681","Vince Carter","24","TOR","0.0","7.0","1240","0.006","75","39.7","27.6","5.5","3.9","1.5","1.1",".460",".408",".765","12.9",".208",0,2001,396
"682","David Robinson","35","SAS","0.0","8.0","1240","0.006","80","29.6","14.4","8.6","1.5","1.0","2.5",".486",".000",".747","12.1",".246",0,2001,95
"685","Michael Finley","27","DAL","0.0","1.0","1240","0.001","82","42.0","21.5","5.2","4.4","1.4","0.4",".458",".346",".775","8.5",".119",0,2001,200
"688","Tim Duncan","25","SAS","57.0","954.0","1260","0.757","82","40.6","25.5","12.7","3.7","0.7","2.5",".508",".100",".799","17.8",".257",1,2002,271
"689","Jason Kidd","28","NJN","45.0","897.0","1260","0.712","82","37.3","14.7","7.3","9.9","2.1","0.2",".391",".321",".814","8.9",".140",0,2002,108
"691","Tracy McGrady","22","ORL","7.0","390.0","1260","0.310","76","38.3","25.6","7.9","5.3","1.6","1.0",".451",".364",".748","11.5",".189",0,2002,19
"695","Dirk Nowitzki","23","DAL","0.0","31.0","1260","0.025","76","38.0","23.4","9.9","2.4","1.1","1.0",".477",".397",".853","13.4",".222",0,2002,137
"696","Allen Iverson","26","PHI","0.0","29.0","1260","0.023","60","43.7","31.4","4.5","5.5","2.8","0.2",".398",".291",".812","6.9",".126",0,2002,215
"698","Paul Pierce","24","BOS","0.0","22.0","1260","0.017","82","40.3","26.1","6.9","3.2","1.9","1.0",".442",".404",".809","12.9",".187",0,2002,187
"699","Kevin Garnett","25","MIN","0.0","17.0","1260","0.013","81","39.2","21.2","12.1","5.2","1.2","1.6",".470",".319",".801","12.8",".194",0,2002,50
"703","Mike Bibby","23","SAC","0.0","1.0","1260","0.001","80","33.2","13.7","2.8","5.0","1.1","0.2",".453",".370",".803","6.3",".113",0,2002,346
"705","Peja Stojakovic","24","SAC","0.0","1.0","1260","0.001","71","37.3","21.2","5.3","2.5","1.1","0.2",".484",".416",".876","9.9",".179",0,2002,175
"708","Kobe Bryant","24","LAL","8.0","496.0","1190","0.417","82","41.5","30.0","6.9","5.9","2.2","0.8",".451",".383",".843","14.9",".210",0,2003,122
"709","Tracy McGrady","23","ORL","4.0","427.0","1190","0.359","75","39.4","32.1","6.5","5.5","1.7","0.8",".457",".386",".793","16.1",".262",0,2003,11
"711","Allen Iverson","27","PHI","0.0","83.0","1190","0.070","82","42.5","27.6","4.2","5.5","2.7","0.2",".414",".277",".774","9.2",".127",0,2003,433
"713","Ben Wallace","28","DET","1.0","33.0","1190","0.028","73","39.4","6.9","15.4","1.6","1.4","3.2",".481",".167",".450","10.6",".176",0,2003,416
"714","Jason Kidd","29","NJN","0.0","31.0","1190","0.026","80","37.4","18.7","6.3","8.9","2.2","0.3",".414",".341",".841","11.3",".182",0,2003,293
"715","Chris Webber","29","SAC","0.0","19.0","1190","0.016","67","39.1","23.0","10.5","5.4","1.6","1.3",".461",".238",".607","6.9",".127",0,2003,150
"717","Steve Nash","28","DAL","0.0","1.0","1190","0.001","82","33.1","17.7","2.9","7.3","1.0","0.1",".465",".413",".909","11.6",".206",0,2003,354
"718","Paul Pierce","25","BOS","0.0","1.0","1190","0.001","79","39.2","25.9","7.3","4.4","1.8","0.8",".416",".302",".802","10.1",".157",0,2003,248
"719","Kevin Garnett","27","MIN","120.0","1219.0","1230","0.991","82","39.4","24.2","13.9","5.0","1.5","2.2",".499",".256",".791","18.3",".272",1,2004,415
"721","Jermaine O'Neal","25","IND","2.0","523.0","1230","0.425","78","35.7","20.1","10.0","2.1","0.8","2.6",".434",".111",".757","9.0",".155",0,2004,419
"724","Shaquille O'Neal","31","LAL","0.0","178.0","1230","0.145","67","36.8","21.5","11.5","2.9","0.5","2.5",".584","",".490","9.9",".192",0,2004,371
"725","Ben Wallace","29","DET","0.0","24.0","1230","0.020","81","37.7","9.5","12.4","1.7","1.8","3.0",".421",".125",".490","10.2",".160",0,2004,49
"726","Jason Kidd","30","NJN","0.0","17.0","1230","0.014","67","36.6","15.5","6.4","9.2","1.8","0.2",".384",".321",".827","7.2",".141",0,2004,217
"727","LeBron James","19","CLE","0.0","11.0","1230","0.009","79","39.5","20.9","5.5","5.9","1.6","0.7",".417",".290",".754","5.1",".078",0,2004,317
"729","Baron Davis","24","NOH","0.0","4.0","1230","0.003","67","40.1","22.9","4.3","7.5","2.4","0.4",".395",".321",".673","7.5",".133",0,2004,201
"734","Michael Redd","24","MIL","0.0","1.0","1230","0.001","82","36.8","21.7","5.0","2.3","1.0","0.1",".440",".350",".868","9.7",".154",0,2004,182
"735","Steve Nash","30","PHO","65.0","1066.0","1270","0.839","75","34.3","15.5","3.3","11.5","1.0","0.1",".502",".431",".887","10.9",".203",1,2005,101
"736","Shaquille O'Neal","32","MIA","58.0","1032.0","1270","0.813","73","34.1","22.9","10.4","2.7","0.5","2.3",".601","",".461","11.0",".211",0,2005,412
"738","Tim Duncan","28","SAS","1.0","328.0","1270","0.258","66","33.4","20.3","11.1","2.7","0.7","2.6",".496",".333",".670","11.2",".245",0,2005,386
"740","LeBron James","20","CLE","0.0","93.0","1270","0.073","80","42.4","27.2","7.4","7.2","2.2","0.7",".472",".351",".750","14.3",".203",0,2005,192
"741","Tracy McGrady","25","HOU","0.0","44.0","1270","0.035","78","40.8","25.7","6.2","5.7","1.7","0.7",".431",".326",".774","12.0",".180",0,2005,330
"742","Dwyane Wade","23","MIA","0.0","43.0","1270","0.034","77","38.6","24.1","5.2","6.8","1.6","1.1",".478",".289",".762","11.0",".177",0,2005,430
"743","Amar'e Stoudemire","22","PHO","1.0","41.0","1270","0.032","80","36.1","26.0","8.9","1.6","1.0","1.6",".559",".188",".733","14.6",".243",0,2005,110
"744","Ray Allen","29","SEA","0.0","41.0","1270","0.032","78","39.3","23.9","4.4","3.7","1.1","0.1",".428",".376",".883","10.7",".168",0,2005,263
"746","Gilbert Arenas","23","WAS","0.0","4.0","1270","0.003","80","40.9","25.5","4.7","5.1","1.7","0.3",".431",".365",".814","11.5",".169",0,2005,264
"747","Vince Carter","28","TOT","0.0","3.0","1270","0.002","77","36.7","24.5","5.2","4.2","1.4","0.6",".452",".406",".798","9.4",".159",0,2005,288
"748","P.J. Brown","35","NOH","0.0","1.0","1270","0.001","82","34.4","10.8","9.0","2.2","0.9","0.6",".446","",".864","6.9",".118",0,2005,422
"749","Marcus Camby","30","DEN","0.0","1.0","1270","0.001","66","30.5","10.3","10.0","2.3","0.9","3.0",".465",".000",".723","5.8",".138",0,2005,280
"752","LeBron James","21","CLE","16.0","688.0","1250","0.550","79","42.5","31.4","7.0","6.6","1.6","0.8",".480",".335",".738","16.3",".232",0,2006,222
"753","Dirk Nowitzki","27","DAL","14.0","544.0","1250","0.435","81","38.1","26.6","9.0","2.8","0.7","1.0",".480",".406",".901","17.7",".275",0,2006,23
"754","Kobe Bryant","27","LAL","22.0","483.0","1250","0.386","80","41.0","35.4","5.3","4.5","1.8","0.4",".450",".347",".850","15.3",".224",0,2006,156
"757","Elton Brand","26","LAC","1.0","50.0","1250","0.040","79","39.2","24.7","10.0","2.6","1.0","2.5",".527",".333",".775","14.8",".229",0,2006,109
"760","Allen Iverson","30","PHI","0.0","1.0","1250","0.001","72","43.1","33.0","3.2","7.4","1.9","0.1",".447",".323",".814","10.6",".165",0,2006,78
"762","Dirk Nowitzki","28","DAL","83.0","1138.0","1290","0.882","78","36.2","24.6","8.9","3.4","0.7","0.8",".502",".416",".904","16.3",".278",1,2007,296
"763","Steve Nash","32","PHO","44.0","1013.0","1290","0.785","76","35.3","18.6","3.5","11.6","0.8","0.1",".532",".455",".899","12.6",".225",0,2007,52
"764","Kobe Bryant","28","LAL","2.0","521.0","1290","0.404","77","40.8","31.6","5.7","5.4","1.4","0.5",".463",".344",".868","13.0",".199",0,2007,142
"768","Chris Bosh","22","TOR","0.0","43.0","1290","0.033","69","38.5","22.6","10.7","2.5","0.6","1.3",".496",".343",".785","9.6",".174",0,2007,194
"772","Chauncey Billups","30","DET","0.0","4.0","1290","0.003","70","36.2","17.0","3.4","7.2","1.2","0.2",".427",".345",".883","11.4",".216",0,2007,63
"774","Amar'e Stoudemire","24","PHO","0.0","2.0","1290","0.002","82","32.8","20.4","9.6","1.0","1.0","1.3",".575",".000",".781","11.2",".201",0,2007,81
"776","Carmelo Anthony","22","DEN","0.0","1.0","1290","0.001","65","38.2","28.9","6.0","3.8","1.2","0.4",".476",".268",".808","7.3",".140",0,2007,9
"778","Tony Parker","24","SAS","0.0","1.0","1290","0.001","77","32.5","18.6","3.2","5.5","1.1","0.1",".520",".395",".783","9.6",".185",0,2007,38
"781","Kevin Garnett","31","BOS","15.0","670.0","1260","0.532","71","32.8","18.8","9.2","3.4","1.4","1.3",".539",".000",".801","12.9",".265",0,2008,47
"785","Tim Duncan","31","SAS","0.0","25.0","1260","0.020","78","34.0","19.3","11.3","2.8","0.7","1.9",".497",".000",".730","11.1",".201",0,2008,362
"786","Tracy McGrady","28","HOU","0.0","19.0","1260","0.015","66","37.0","21.6","5.1","5.9","1.0","0.5",".419",".292",".684","5.8",".115",0,2008,44
"787","Steve Nash","33","PHO","0.0","18.0","1260","0.014","81","34.3","16.9","3.5","11.1","0.7","0.1",".504",".470",".906","10.5",".181",0,2008,329
"788","Manu Ginobili","30","SAS","0.0","9.0","1260","0.007","74","31.1","19.5","4.8","4.5","1.5","0.4",".460",".401",".860","11.1",".232",0,2008,92
"793","Antawn Jamison","31","WAS","0.0","1.0","1260","0.001","79","38.7","21.4","10.2","1.5","1.3","0.4",".436",".339",".760","9.2",".144",0,2008,133
"795","Rasheed Wallace","33","DET","0.0","1.0","1260","0.001","77","30.5","12.7","6.6","1.8","1.2","1.7",".432",".356",".767","7.6",".155",0,2008,325
"796","LeBron James","24","CLE","109.0","1172.0","1210","0.969","81","37.7","28.4","7.6","7.2","1.7","1.1",".489",".344",".780","20.3",".318",1,2009,404
"797","Kobe Bryant","30","LAL","2.0","698.0","1210","0.577","82","36.1","26.8","5.2","4.9","1.5","0.5",".467",".351",".856","12.7",".206",0,2009,421
"803","Tony Parker","26","SAS","0.0","9.0","1210","0.007","72","34.1","22.0","3.1","6.9","0.9","0.1",".506",".292",".782","8.6",".168",0,2009,414
"804","Brandon Roy","24","POR","0.0","7.0","1210","0.006","78","37.2","22.6","4.7","5.1","1.1","0.3",".480",".377",".824","13.5",".223",0,2009,18
"805","Tim Duncan","32","SAS","0.0","2.0","1210","0.002","75","33.7","19.3","10.7","3.5","0.5","1.7",".504",".000",".692","10.1",".191",0,2009,447
"807","Yao Ming","28","HOU","0.0","1.0","1210","0.001","77","33.6","19.7","9.9","1.8","0.4","1.9",".548","1.000",".866","10.6",".196",0,2009,342
"809","Kevin Durant","21","OKC","4.0","609.0","1230","0.495","82","39.5","30.1","7.6","2.8","1.4","1.0",".476",".365",".900","16.1",".238",0,2010,176
"811","Dwight Howard","24","ORL","3.0","478.0","1230","0.389","82","34.7","18.3","13.2","1.8","0.9","2.8",".612",".000",".592","13.2",".223",0,2010,25
"814","Dirk Nowitzki","31","DAL","0.0","55.0","1230","0.045","81","37.5","25.0","7.7","2.7","0.9","1.0",".481",".421",".915","12.3",".194",0,2010,15
"815","Steve Nash","35","PHO","0.0","49.0","1230","0.040","81","32.8","16.5","3.3","11.0","0.5","0.1",".507",".426",".938","9.9",".178",0,2010,395
"816","Deron Williams","25","UTA","0.0","7.0","1230","0.006","76","36.9","18.7","4.0","10.5","1.3","0.2",".469",".371",".801","10.3",".177",0,2010,198
"820","Chris Bosh","25","TOR","0.0","1.0","1230","0.001","70","36.1","24.0","10.8","2.4","0.6","1.0",".518",".364",".797","9.6",".182",0,2010,37
"824","Dwight Howard","25","ORL","3.0","643.0","1210","0.531","78","37.6","22.9","14.1","1.4","1.4","2.4",".593",".000",".596","14.4",".235",0,2011,275
"827","Kevin Durant","22","OKC","0.0","190.0","1210","0.157","78","38.9","27.7","6.8","2.7","1.1","1.0",".462",".350",".880","12.0",".189",0,2011,411
"831","Amar'e Stoudemire","28","NYK","0.0","9.0","1210","0.007","78","36.8","25.3","8.2","2.6","0.9","1.9",".502",".435",".792","8.0",".134",0,2011,399
"834","Tony Parker","28","SAS","0.0","3.0","1210","0.002","78","32.4","17.5","3.1","6.6","1.2","0.0",".519",".357",".769","8.2",".156",0,2011,273
"835","Chris Paul","25","NOH","0.0","2.0","1210","0.002","80","36.0","15.9","4.1","9.8","2.4","0.1",".463",".388",".878","13.9",".232",0,2011,145
"839","Kobe Bryant","33","LAL","2.0","352.0","1210","0.291","58","38.5","27.9","5.4","4.6","1.2","0.3",".430",".303",".845","6.2",".132",0,2012,67
"841","Kevin Love","23","MIN","0.0","58.0","1210","0.048","55","39.0","26.0","13.3","2.0","0.9","0.5",".448",".372",".824","10.0",".223",0,2012,116
"843","Rajon Rondo","25","BOS","0.0","12.0","1210","0.010","53","36.9","11.9","4.8","11.7","1.8","0.1",".448",".238",".597","4.9",".121",0,2012,336
"845","Dwyane Wade","30","MIA","0.0","6.0","1210","0.005","49","33.2","22.1","4.8","4.6","1.7","1.3",".497",".268",".791","7.7",".227",0,2012,388
"846","Derrick Rose","23","CHI","0.0","5.0","1210","0.004","39","35.3","21.8","3.4","7.9","0.9","0.7",".435",".312",".812","6.0",".211",0,2012,43
"847","Dirk Nowitzki","33","DAL","0.0","4.0","1210","0.003","62","33.5","21.6","6.7","2.2","0.7","0.5",".457",".368",".896","7.6",".175",0,2012,339
"849","Tim Duncan","35","SAS","0.0","3.0","1210","0.002","58","28.2","15.4","9.0","2.3","0.7","1.5",".492",".000",".695","5.9",".174",0,2012,269
"850","Joe Johnson","30","ATL","0.0","1.0","1210","0.001","60","35.5","18.8","3.7","3.9","0.8","0.2",".454",".388",".849","6.4",".145",0,2012,409
"851","LeBron James","28","MIA","120.0","1207.0","1210","0.998","76","37.9","26.8","8.0","7.3","1.7","0.9",".565",".406",".753","19.3",".322",1,2013,211
"854","Chris Paul","27","LAC","0.0","289.0","1210","0.239","70","33.4","16.9","3.7","9.7","2.4","0.1",".481",".328",".885","13.9",".287",0,2013,28
"855","Kobe Bryant","34","LAL","0.0","184.0","1210","0.152","78","38.6","27.3","5.6","6.0","1.4","0.3",".463",".324",".839","10.9",".174",0,2013,128
"858","James Harden","23","HOU","0.0","33.0","1210","0.027","78","38.3","25.9","4.9","5.8","1.8","0.5",".438",".368",".851","12.8",".206",0,2013,400
"859","Russell Westbrook","24","OKC","0.0","9.0","1210","0.007","82","34.9","23.2","5.2","7.4","1.8","0.3",".438",".323",".800","11.6",".195",0,2013,392
"861","Stephen Curry","24","GSW","0.0","3.0","1210","0.002","78","38.2","22.9","4.0","6.9","1.6","0.2",".451",".453",".900","11.2",".180",0,2013,390
"867","Kevin Durant","25","OKC","119.0","1232.0","1250","0.986","81","38.5","32.0","7.4","5.5","1.3","0.7",".503",".391",".873","19.2",".295",1,2014,65
"868","LeBron James","29","MIA","6.0","891.0","1250","0.713","77","37.7","27.1","6.9","6.3","1.6","0.3",".567",".379",".750","15.9",".264",0,2014,305
"870","Joakim Noah","28","CHI","0.0","322.0","1250","0.258","80","35.3","12.6","11.3","5.4","1.2","1.5",".475",".000",".737","11.2",".190",0,2014,431
"871","James Harden","24","HOU","0.0","85.0","1250","0.068","73","38.0","25.4","4.7","6.1","1.6","0.4",".456",".366",".866","12.8",".221",0,2014,26
"873","Chris Paul","28","LAC","0.0","45.0","1250","0.036","62","35.0","19.1","4.3","10.7","2.5","0.1",".467",".368",".855","12.2",".270",0,2014,41
"876","LaMarcus Aldridge","28","POR","0.0","26.0","1250","0.021","69","36.2","23.2","11.1","2.6","0.9","1.0",".458",".200",".822","7.5",".144",0,2014,341
"878","Tim Duncan","37","SAS","0.0","21.0","1250","0.017","74","29.2","15.1","9.7","3.0","0.6","1.9",".490",".000",".731","7.4",".164",0,2014,4
"882","Goran Dragic","27","PHO","0.0","3.0","1250","0.002","76","35.1","20.3","3.2","5.9","1.4","0.3",".505",".408",".760","10.3",".186",0,2014,337
"883","Mike Conley","26","MEM","0.0","1.0","1250","0.001","73","33.5","17.2","2.9","6.0","1.5","0.2",".450",".361",".815","8.2",".161",0,2014,97
"889","Chris Paul","29","LAC","0.0","124.0","1300","0.095","82","34.8","19.1","4.6","10.2","1.9","0.2",".485",".398",".900","16.1",".270",0,2015,253
"890","LaMarcus Aldridge","29","POR","0.0","6.0","1300","0.005","71","35.4","23.4","10.2","1.7","0.7","1.0",".466",".352",".845","8.6",".165",0,2015,91
"891","Marc Gasol","30","MEM","0.0","3.0","1300","0.002","81","33.2","17.4","7.8","3.8","0.9","1.6",".494",".176",".795","10.2",".182",0,2015,162
"892","Blake Griffin","25","LAC","0.0","3.0","1300","0.002","67","35.2","21.9","7.6","5.3","0.9","0.5",".502",".400",".728","9.0",".183",0,2015,183
"893","Tim Duncan","38","SAS","0.0","1.0","1300","0.001","77","28.9","13.9","9.1","3.0","0.8","2.0",".512",".286",".740","9.6",".207",0,2015,323
"895","Klay Thompson","24","GSW","0.0","1.0","1300","0.001","77","31.9","21.7","3.2","2.9","1.1","0.8",".463",".439",".879","8.8",".172",0,2015,262
"897","Kawhi Leonard","24","SAS","0.0","634.0","1310","0.484","72","33.1","21.2","6.8","2.6","1.8","1.0",".506",".443",".874","13.7",".277",0,2016,247
"898","LeBron James","31","CLE","0.0","631.0","1310","0.482","76","35.6","25.3","7.4","6.8","1.4","0.6",".520",".309",".731","13.6",".242",0,2016,348
"902","Draymond Green","25","GSW","0.0","50.0","1310","0.038","81","34.7","14.0","9.5","7.4","1.5","1.4",".490",".388",".696","11.1",".190",0,2016,82
"903","Damian Lillard","25","POR","0.0","26.0","1310","0.020","75","35.7","25.1","4.0","6.8","0.9","0.4",".419",".375",".892","9.2",".165",0,2016,208
